act,section,title,reason
"Information Technology Act, 2000",3,Ins.,Amendment marker without statutory text (Ins./Subs.)
"Information Technology Act, 2000",4,Subs.,Amendment marker without statutory text (Ins./Subs.)
"Information Technology Act, 2000",20,"[Controller to act as repository.] Omitted by the Information Technology (Amendment) Act, 2008 (10 of 2009), s.",Omitted statutory provision
"Information Technology Act, 2000",49,"[Composition of Cyber Appellate Tribunal .]—Omitted by the Finance Act, 2017 (7 of 2017), s.",Omitted statutory provision
"Information Technology Act, 2000",50,[Qualifications for appointment as Chairperson and Members of Cyber Appellate Tribunal.]—Omitted by s.,Omitted statutory provision
"Information Technology Act, 2000",51,"[Term of office, conditions of service, etc., of Chairperson and Members .]—Omitted by s.",Omitted statutory provision
"Information Technology Act, 2000",52,"[Salary, allowances and other terms and conditions of service of Chairperson and Members.]—Omitted by s.",Omitted statutory provision
"Information Technology Act, 2000",52A,"[Powers of superintendence, direction, etc.]—Omitted by s.",Omitted statutory provision
"Information Technology Act, 2000",52B,[Distribution of business among Benches.]—Omitted by s.,Omitted statutory provision
"Information Technology Act, 2000",52C,[Power of Chairperson to transfer cases.]—Omitted by s.,Omitted statutory provision
"Information Technology Act, 2000",53,"[Filling up of vacancies .]—Omitted by the Finance Act, 2017 (7 of 2017), s.",Omitted statutory provision
"Information Technology Act, 2000",54,[Resignation and removal.]—Omitted by s.,Omitted statutory provision
"Information Technology Act, 2000",56,"[Staff of the Cyber Appellate Tribunal.]—Omitted by the Finance Act, 2017 (7 of 2017), s.",Omitted statutory provision
"Information Technology Act, 2000",91,"[Amendment of Act 45 of 1860.]—Omitted by the Information Technology (Amendment) Act, 2008 (10 of 2009), s.",Omitted statutory provision
"Information Technology Act, 2000",92,[Amendment of Act 1 of 1872.]—Omitted by s.,Omitted statutory provision
"Information Technology Act, 2000",93,[Amendment of Act 18 of 1891.]—Omitted by s.,Omitted statutory provision
"Information Technology Act, 2000",94,[Amendment of Act 2 of 1934.]—Omitted by s.,Omitted statutory provision
"Indian Contract Act, 1872",3,"Panth Piploda—see the Panth Piploda Law Regulation, 1929 (1 of 1929), s.",Corrupted / truncated title fragment
"Indian Contract Act, 1872",80,[Completion of sale of goods which the seller is to put into state in which buyer is to take them .] Rep.,Repealed statutory provision
"Indian Contract Act, 1872",81,"[Completion of sale of goods, when seller has to do anything thereto in order to as certain price.] Rep.",Repealed statutory provision
"Indian Contract Act, 1872",82,"[Completion of sale, when goods are uncertained at date of contract.] Rep.",Repealed statutory provision
"Indian Contract Act, 1872",83,[Ascertainment of goods by subsequent appropriation.] Rep.,Repealed statutory provision
"Indian Contract Act, 1872",84,[Ascertainment of goods by seller’s selection.] Rep.,Repealed statutory provision
"Indian Contract Act, 1872",85,"[Transfer of ownership of mov eable property, when sold together with immov eable.] Rep.",Repealed statutory provision
"Indian Contract Act, 1872",86,[Buyer to bear loss after good have become his property.] Rep.,Repealed statutory provision
"Indian Contract Act, 1872",87,[Transfer of ownership of goods agreed to be sold while non existent.] Rep.,Repealed statutory provision
"Indian Contract Act, 1872",88,"[Contract to sell and deliver, at a future day , goods not in seller’s possession at date of contract.] Rep.",Repealed statutory provision
"Indian Contract Act, 1872",89,[Determination of price not fixed by contract.] Rep.,Repealed statutory provision
"Indian Contract Act, 1872",90,[Delivery how made.] Rep.,Repealed statutory provision
"Indian Contract Act, 1872",91,[Effect of delivery to wharfinger or carrier.] Rep.,Repealed statutory provision
"Indian Contract Act, 1872",92,[Effect of part-delivery.] Rep.,Repealed statutory provision
"Indian Contract Act, 1872",93,[Seller not bound to deliver until buyer applies for delivery.] Rep.,Repealed statutory provision
"Indian Contract Act, 1872",96,"[Lien where payment to be made at a future day, but no time fixed for delivery.] Rep.",Repealed statutory provision
"Indian Contract Act, 1872",97,"[Seller’s lien where payment to be made at future day, and buyer allows goods to remain in seller’s possession.] Rep.",Repealed statutory provision
"Indian Contract Act, 1872",98,[Seller’s lien against subsequent buyer.] Rep.,Repealed statutory provision
"Indian Contract Act, 1872",99,[Power of seller to stop in transit.] Rep.,Repealed statutory provision
"Indian Contract Act, 1872",101,[Continuance of right of stoppage.] Rep.,Repealed statutory provision
"Indian Contract Act, 1872",102,"[Cessation of right on assignment, by buyer, of document showing title.] Rep.",Repealed statutory provision
"Indian Contract Act, 1872",103,[How seller may stop where instrument of title assigned to secure specific advance.] Rep.,Repealed statutory provision
"Indian Contract Act, 1872",104,[Stoppage how effected.] Rep.,Repealed statutory provision
"Indian Contract Act, 1872",105,[Notice of seller’s claim.] Rep.,Repealed statutory provision
"Indian Contract Act, 1872",108,[Title conveyed by seller of goods to buyer.] Rep.,Repealed statutory provision
"Indian Contract Act, 1872",110,[Establishment of implied warranty of goodness or quality.] Rep.,Repealed statutory provision
"Indian Contract Act, 1872",111,[Warranty of soundness implied on sale of provisions.] Rep.,Repealed statutory provision
"Indian Contract Act, 1872",112,[Warranty of bulk implied on sale of goods by sample.] Rep.,Repealed statutory provision
"Indian Contract Act, 1872",114,[Warranty where goods ordered for a specified purpose.] Rep.,Repealed statutory provision
"Indian Contract Act, 1872",116,[Seller when not responsible for latent defects.] Rep.,Repealed statutory provision
"Indian Contract Act, 1872",117,[Buyer’s right on breach of warranty.] Rep.,Repealed statutory provision
"Indian Contract Act, 1872",118,[Right of buyer on breach of warranty in respect of goods not ascertained.] Rep.,Repealed statutory provision
"Indian Contract Act, 1872",119,"[When buyer may refused to accept, if goods not ordered are sent with goods ordered.]Rep.",Repealed statutory provision
"Indian Contract Act, 1872",120,[Effect of wrongful refusal to accept.] Rep.,Repealed statutory provision
"Indian Contract Act, 1872",121,"[Right of seller as to rescission, on failure of buyer to pay price at time fixed .] Rep.by the Indian Sale of Goods Act, 1930 (3 of 1930), s.65.",Repealed statutory provision
"Indian Contract Act, 1872",122,[Sale and transfer of lots sold by auction.] Rep.,Repealed statutory provision
"Indian Contract Act, 1872",239,[‘Partnership’ defined.] Rep.,Repealed statutory provision
"Indian Contract Act, 1872",240,[Lender not a partner by advancing money for share of profits .] Rep.,Repealed statutory provision
"Indian Contract Act, 1872",241,"[Property left in business by retiring partner, or decreased partner’s preventative.] Rep.",Repealed statutory provision
"Indian Contract Act, 1872",242,"[Servant or agent remunerated by share of profits, not a partner .] Rep.",Repealed statutory provision
"Indian Contract Act, 1872",243,"[Widow or child of deceased partner receiving annuity out of profits, not a partner.] Rep.",Repealed statutory provision
"Indian Contract Act, 1872",244,"[Person receiving portion of profits for sale of good -will, no a partner .] Rep.",Repealed statutory provision
"Indian Contract Act, 1872",245,[Responsibility of person leading another to believe him a partner.] Rep.,Repealed statutory provision
"Indian Contract Act, 1872",246,[Liability of person permitting him self to be represented as a partner .] Rep.,Repealed statutory provision
"Indian Contract Act, 1872",247,"[Minor partner not personally liable, but his share is .] Rep.",Repealed statutory provision
"Indian Contract Act, 1872",248,[Liability of minor partner on attaining majority.] Rep.,Repealed statutory provision
"Indian Contract Act, 1872",249,[Partner’s liability for debts of partnership.] Rep.,Repealed statutory provision
"Indian Contract Act, 1872",250,[ Partner’s liability to th ird person for neglect or fraud of co -partner.] Rep.,Repealed statutory provision
"Indian Contract Act, 1872",251,[Partner’s power to bind co-partners.] Rep.,Repealed statutory provision
"Indian Contract Act, 1872",252,[Annulment of contract defining partner’s rights and obligations .] Rep.,Repealed statutory provision
"Indian Contract Act, 1872",253,"[Rules determining partner’s mutual relations, where no contract to contrary.] Rep.",Repealed statutory provision
"Indian Contract Act, 1872",254,[When Court may dissolve partnership.] Rep.,Repealed statutory provision
"Indian Contract Act, 1872",255,[Dissolution of partnership by prohibition of business .] Rep.,Repealed statutory provision
"Indian Contract Act, 1872",256,[Rights and obligations of partners in partnership continued after expiry of term for which it was entered into.] Rep.,Repealed statutory provision
"Indian Contract Act, 1872",257,[General duties of partners.] Rep.,Repealed statutory provision
"Indian Contract Act, 1872",258,"[Account, to firm, of benefit derived from transaction affecting partnership.]Rep.",Repealed statutory provision
"Indian Contract Act, 1872",259,"[Obligations, to firm, of partner carrying on business .] Rep.",Repealed statutory provision
"Indian Contract Act, 1872",260,[ Revocation of continuing guarantee by charge by change in firm .] Rep.,Repealed statutory provision
"Indian Contract Act, 1872",261,[ Non-liability of deceased partner’s estate for subsequent obligations .] Rep.,Repealed statutory provision
"Indian Contract Act, 1872",262,"[Payment of partnership debts, and of separate debts .] Rep.",Repealed statutory provision
"Indian Contract Act, 1872",263,"[Continuance, of partners rights and obligations after dissolution.] Rep.",Repealed statutory provision
"Indian Contract Act, 1872",264,[Notice of dissolution.] Rep.,Repealed statutory provision
"Indian Contract Act, 1872",265,[Right of partners to apply for winding -up after termination of partnership .] Rep.,Repealed statutory provision
"Indian Contract Act, 1872",266,"[Limited-liability partnerships, incorporate partnerships, and joint -stock companies.] Rep.",Repealed statutory provision
"Motor Vehicles Act, 1988",140,[Liability to pay compensation in certain case s on the principle of no fault .] Omitted by s.,Omitted statutory provision
"Motor Vehicles Act, 1988",141,[Provisions as to other right to claim compensation for death or permanent disablement.,Omitted statutory provision
"Motor Vehicles Act, 1988",142,[Permanent disablement.] Omitted by s.,Omitted statutory provision
"Motor Vehicles Act, 1988",143,[Applicability of Chapter to certain claims under Act 8 o f 1923.,Omitted statutory provision
"Motor Vehicles Act, 1988",144,[Overriding effect.] Omitted by s.,Omitted statutory provision
"Motor Vehicles Act, 1988",181,Driving vehicles in contravention of section 3 or section,Corrupted / truncated title fragment
"Motor Vehicles Act, 1988",191,[Sale of vehicle in or alteration of vehicle to condition contravening this Act.,Omitted statutory provision
"Motor Vehicles Act, 1988",195,"[Imposition of minimum fine under certain circumstances .] Omitted by the Motor Vehicles (Amendment) Act, 2019 (32 of 2019), s.",Omitted statutory provision
"Transfer of Property Act, 1882",15,Transfer to class some of whom come under sections 13 and,Corrupted / truncated title fragment
"Transfer of Property Act, 1882",74,[Right of subsequent mortgagee to pay off prior mortgagee.,Repealed statutory provision
"Transfer of Property Act, 1882",80,[Tacking abolished.,Repealed statutory provision
"Transfer of Property Act, 1882",85,"[Parties to suits for foreclosure, sale and redemption .] Rep.",Repealed statutory provision
"Transfer of Property Act, 1882",86,[Decree of foreclosure suit .] Rep.,Repealed statutory provision
"Transfer of Property Act, 1882",87,[Procedure in case of payment of amount due .] Rep.,Repealed statutory provision
"Transfer of Property Act, 1882",88,[Decree of sale .] Rep.,Repealed statutory provision
"Transfer of Property Act, 1882",89,[ Procedure when defendant pay amount due .] Rep.,Repealed statutory provision
"Transfer of Property Act, 1882",90,[Recovery of balance due on mortgage .] Rep.,Repealed statutory provision
"Transfer of Property Act, 1882",99,[Attachment of mortgaged property.,Repealed statutory provision
"Transfer of Property Act, 1882",130A,Transfer of policy of marine insurance.,Repealed statutory provision
"Transfer of Property Act, 1882",135A,[Assignment of rights under policy of marine insurance.,Repealed statutory provision
"Transfer of Property Act, 1882",297,[Application of proceeds.] Rep.,Repealed statutory provision
"Bharatiya Nagarik Suraksha Sanhita, 2023",183,73,Corrupted / truncated title fragment
"Bharatiya Nagarik Suraksha Sanhita, 2023",453,Execution of order passed under section,Corrupted / truncated title fragment
